tokens,publish_at_values,created_at_values,titles,ratings,brand
br_sq66s9kck9,1705003200000,1704841814000,I have reordered so many times!,5,Boredwalk
br_9dz2rfwehk,1691780400000,1691576490000,Nice merchandise ,5,Boredwalk
br_76yfcveanu,1684177200000,1683837885000,"so excited to carry these products in my bookstore!!! Great Products, packaging and presentation!!!",5,Boredwalk
br_372euam7tg,1675195200000,1674922239000,These are great-I'm almost out of the notebooks already and the tea towels were selling before I had them on the floor,5,Boredwalk
br_fzsmjcpytv,1674763200000,1674588619000,LOVE LOVE LOVE ,5,Boredwalk
br_x53r5pk7jt,1665514800000,1665025104000,Love! ,5,Boredwalk
br_ng3ymkf2mf,1664391600000,1664211750000,great product and customer service. fast shipping ,5,Boredwalk
br_mgqdrd3y3t,1663700400000,1663437792000,good product,5,Boredwalk
br_t82uynzq6e,1662577200000,1662308486000,Best Sellers,5,Boredwalk
br_gskz526w4z,1661799600000,1661441644000,Great order and quality was is terrific,5,Boredwalk
br_hecjt4mbtq,1657566000000,1657154648000,The t-ahirts are of excellent quality. ,5,Boredwalk
br_ewazhb2n8r,1657566000000,1657154618000,The t-shirts are if excellent quality. ,5,Boredwalk
br_aqqudd3a2d,1646769600000,1646485125000,My customers love these,5,Boredwalk
br_9r5vhtbhtx,1644264000000,1643903629000,Fantastic Product!!!,5,Boredwalk
br_xm4pwwsszj,1642622400000,1642428219000,Love the quality and these are so sassy and funny!,5,Boredwalk
br_kkwzavcubb,1641326400000,1640925623000,Thrilled,5,Boredwalk
br_bmrbyuy8yf,1638561600000,1638322323000,We can‚Äôt get enough of this company!  ,5,Boredwalk
br_64v6bskqs4,1633719600000,1633528757000,Love the book,5,Boredwalk
br_m9fbpzkgwj,1631732400000,1631564917000,"Quick shipping, good quality",5,Boredwalk
br_7vy3rtr9um,1631559600000,1631217875000,Grievance Journals are morbidly hilarious!,5,Boredwalk
br_bqkjw4ts5r,1630436400000,1630174700000,Great quality ,5,Boredwalk
br_jp6xgug9zs,1630090800000,1629862257000,Love this brand,5,Boredwalk
br_x2p9mfrwsq,1629226800000,1628966466000,"Super quirky, sells quickly ",5,Boredwalk
br_wkapk4e9fn,1625252400000,1625089975000,Everything looks great!,5,Boredwalk
br_3ge8bfg6qp,1618858800000,1618512650000,Great seller,5,Boredwalk
br_8e24teo2ll,1614024000000,1613675361000,Wish they were available in larger sizes!,4,Boredwalk
br_bkjca6j7ww,1588014000000,1587658360000,Fun!,5,Boredwalk
br_5g96qy4jyq,1581451200000,1581036109000,Always a hit,5,Boredwalk
br_br9189tckw,1577476800000,1577216537000,Customer favorite,5,Boredwalk
br_9cgbepp0n4,1576180800000,1575994608000,Really fun!,5,Boredwalk
br_2ryr79afcn,1563994800000,1561993615000,,5,Boredwalk
br_23eel0faj0,1563994800000,1555341015000,,5,Boredwalk
br_jfaee7za3p,1708545600000,1708100438000,Always do,5,Willow Poppy
br_2y33m5q56b,1707940800000,1707696371000,Outstanding ü§†,5,Willow Poppy
br_e3uyvp7cjp,1706904000000,1706733769000,Customers love,5,Willow Poppy
br_qkrjbe9qjm,1706558400000,1706180599000,Great service ,5,Willow Poppy
br_3dpfq77cjg,1706040000000,1705853171000,VERY PLEASED WITH WILLOW POPPY IN BOTH THEIR PRODUCTS AND THE QUICK RESPONSE TO MY QUESTIONS.,5,Willow Poppy
br_uefx55a254,1706040000000,1705759956000,Great product and fast shipping!,5,Willow Poppy
br_ja5y3drjkt,1705694400000,1705451995000,This was my first time ordering and I was super impressed with the quality! ,5,Willow Poppy
br_ugf75nrdg7,1705521600000,1705244690000,love these tees ,5,Willow Poppy
br_j39jg2evtx,1705089600000,1704904946000,Amazing customer service and products!,5,Willow Poppy
br_ggg64rr4jf,1704225600000,1703722279000,I have ordered multiple times and they always fulfill my order correctly and fast! Great products! ,5,Willow Poppy
br_crqapu6jg2,1703188800000,1703010888000,These items arrived exactly how they are pictured and better than I imagined! ,5,Willow Poppy
br_238tbrbavn,1703016000000,1702683947000,Great quality T-shirts. Customers live how soft they are! ,5,Willow Poppy
br_fr35aw4ddp,1703016000000,1702683906000,Great quality t-shirts. Customers love how soft they are! ,5,Willow Poppy
br_q6q5dt5hj4,1702670400000,1702484013000,Love this company.  Quick turnaround time and awesome customer service ,5,Willow Poppy
br_hpbrw2msvp,1702065600000,1701881318000,Great ,5,Willow Poppy
br_35anys5xps,1701806400000,1701619873000,We will definitely order again!! ,5,Willow Poppy
br_qq7watbs4g,1701806400000,1701544766000,Wonderful to work with!,5,Willow Poppy
br_wbba34zfe5,1701201600000,1701035773000,These have done great in our shop and the quality is always so good! ,5,Willow Poppy
br_h4r34d85ec,1701201600000,1700866854000,Excellent,5,Willow Poppy
br_4rgxd2y767,1701115200000,1700695310000,"Great quality, shipped quickly. ",5,Willow Poppy
br_abtzmmyhyf,1698778800000,1698522982000,Awesome sweat shirts! ,5,Willow Poppy
br_fxqzj7hsfv,1695927600000,1695744874000,Awesome,5,Willow Poppy
br_yx4tjrsumm,1695754800000,1695495610000,love this product,5,Willow Poppy
br_xctkn9ebsa,1695754800000,1695495551000,love so much sold out and had to reorder.,5,Willow Poppy
br_7wfrptxbh9,1695322800000,1695148678000,"Good quality, great price!",5,Willow Poppy
br_mp9w8dert3,1692730800000,1692559234000,my order came exactly as shown in description. Thanks,5,Willow Poppy
br_tjvfe8hh7m,1692730800000,1692371545000,This is our 3rd order and these flew w our customers! Fast shipping too!,5,Willow Poppy
br_phztup3pm5,1689102000000,1688729587000,Super cute tees,5,Willow Poppy
br_tjsvz3z3h5,1687287600000,1686942771000,I loved our new shirts.,5,Willow Poppy
br_bffyv9edvb,1686078000000,1685880637000,Great Product,5,Willow Poppy
br_e492cpewpq,1677268800000,1677085777000,Great turn around time/shipping speed,5,Willow Poppy
br_5sqm6y5c9f,1707768000000,1707417860000,Great product - waited forever and still didn‚Äôt get my entire order ,3,Hart and Hollow
br_rmwq943ry2,1707768000000,1707358959000,"Super cute products, slow shipping and response time.",3,Hart and Hollow
br_gme5ku7wsm,1698865200000,1698693157000,Love these sweatshirts! ,5,Hart and Hollow
br_fbce39pyum,1695063600000,1694720499000,Hart & Hallow are the best,5,Hart and Hollow
br_kp6knhu7au,1694804400000,1694639211000,Great Seller!,5,Hart and Hollow
br_3gy3dpdepx,1691694000000,1691528755000,Great Vendor!,5,Hart and Hollow
br_ucwxkkw9nf,1680721200000,1680535466000,Love!,5,Hart and Hollow
br_t6qjurpt7w,1680721200000,1680493169000,Not the best quality or customer service,1,Hart and Hollow
br_jmguh8qhtk,1679511600000,1679326224000,Cuuute items ‚ú®,4,Hart and Hollow
br_gm4wnceejc,1677873600000,1677690851000,My favorite wholesale shop!,5,Hart and Hollow
br_wjhdpsagc3,1677873600000,1677689552000,Always love everything! ,5,Hart and Hollow
br_42v38twz3r,1677787200000,1677555553000,A very disappointed and frustrated customer!!,1,Hart and Hollow
br_7gjb5z7f5v,1676059200000,1675828478000,Great Products ,5,Hart and Hollow
br_wnat46pjap,1675195200000,1674863873000,The products are amazing but it took a VERY long time to come in. ,4,Hart and Hollow
br_u6mjxv9npg,1674676800000,1674437762000,Horrible Communication ,1,Hart and Hollow
br_uqzfdxyh47,1671566400000,1671168921000,Shipping took forever. When I reached out heard back once but then reached out again and no response,2,Hart and Hollow
br_2eg9633jch,1670961600000,1670731519000,GREAT!!,5,Hart and Hollow
br_5tdd29nvrb,1670270400000,1669919013000,Great Products and Service!,5,Hart and Hollow
br_t4rh3eqqvv,1709668800000,1709509634000,Loved them all,5,DUCK Creations
br_5a5kxvakjr,1706299200000,1706134656000,Excellent!,5,DUCK Creations
br_y42ygnkaev,1704225600000,1703735882000,Excellent quality and price point ,5,DUCK Creations
br_dzes5423u9,1703016000000,1702664220000,Was not happy with the quality vs the pricing.  Decals were very dingy looking.  ,1,DUCK Creations
br_ug578txyv9,1702670400000,1702436757000,Great quality!!,5,DUCK Creations
br_r6cwcrdt2f,1702411200000,1702099492000,"fast shipping,  great quality ",5,DUCK Creations
br_644489t6tg,1701806400000,1701448423000,Always quick to ship and our customers love their stuff! ,5,DUCK Creations
br_ms26pfvj5f,1701288000000,1701109918000,These sold fast and just ordered more ,5,DUCK Creations
br_ux85vhkbh7,1701115200000,1700663153000,adorable  ,5,DUCK Creations
br_dedkqbryu6,1699473600000,1699307803000,Love! Such great quality too,5,DUCK Creations
br_eg4taffw5p,1698778800000,1698451482000,Fast shipping ,5,DUCK Creations
br_44m9vqqw5d,1697828400000,1697662842000,AWESOME!!! ,5,DUCK Creations
br_frc9w9qukg,1696014000000,1695843153000,Excellent seller! Quick shipping and great quality shirts! ,5,DUCK Creations
br_kb4hftep2v,1695841200000,1695660394000,Quick shipping & super cute!!  ,5,DUCK Creations
br_75etfz26yy,1695236400000,1695046043000,one of the best,5,DUCK Creations
br_kcw4jtd4k9,1694718000000,1694563013000,üíúThe sweetest people!!üíú,5,DUCK Creations
br_288nxr2h49,1694458800000,1694105885000,Happy Customer! ,5,DUCK Creations
br_b8z8rkhznv,1709582400000,1709200720000,Cute T Shirts!!!,5,One24 Rags
br_zffpfw3bbr,1708977600000,1708565077000,Awesome tee‚Äôs,5,One24 Rags
br_3rdxe9x4uy,1708027200000,1707787950000,Gorgeous Tees!!,5,One24 Rags
br_77xasxg3s5,1707508800000,1707323656000,Great,5,One24 Rags
br_ujd9vfzfb9,1707163200000,1706795755000,Love the quality.,5,One24 Rags
br_fqz97dvpq7,1705608000000,1705425792000,Wonderful‚Ä¶,5,One24 Rags
br_rcynwxbg7m,1704830400000,1704422357000,So far i am bery happy with my order,5,One24 Rags
br_vw5by2qvpa,1704744000000,1704365461000,Love!,5,One24 Rags
br_xk769y4t7x,1704398400000,1704223782000,These Tees are so adorable ,5,One24 Rags
br_3jb46kh58u,1702497600000,1702319624000,I love this company! Beautiful products!!,5,One24 Rags
br_msukda74su,1701288000000,1701110107000,Wonderful quality!!,5,One24 Rags
br_quafp3cr85,1701201600000,1700796200000,My first order with them and I will be back! ,5,One24 Rags
br_hg4fjwmrgg,1698260400000,1698078679000,We always love these tees! The absolute best quality!,5,One24 Rags
br_5y2brtpbp7,1698174000000,1697761871000,Great Shirts ,5,One24 Rags
br_6256dgms74,1697655600000,1697495389000,Love their tees and super fast shipping! ,5,One24 Rags
br_t8282xuttn,1697569200000,1697297111000,Good products ,5,One24 Rags
br_znurkpdmku,1697223600000,1697062529000,GREAT,5,One24 Rags
br_gqwywn3cet,1696964400000,1696499122000,great tees!,5,One24 Rags
br_fsp3vdyr2f,1696446000000,1696226982000,Love! ,5,One24 Rags
br_6v7fqrxnws,1696359600000,1696031519000,Incredible LS Tee!,5,One24 Rags
br_pf9z3g8tw5,1696273200000,1695928370000,Love this shirt/dress/duster!,5,One24 Rags
br_vug2s223ts,1695754800000,1695592224000,Awesome Product,5,One24 Rags
br_eruhhhhky8,1694804400000,1694563311000,"Wonderful Tees, just as expected!",5,One24 Rags
br_r72wth5bks,1694545200000,1694138688000,Absolutely love these tees and quick ship time!!!,5,One24 Rags
br_yw4kdw6fxt,1693249200000,1692852624000,Helpful!,5,One24 Rags
br_rdmb57v39k,1692990000000,1692830542000,Amazing quality!! Super cute! ,5,One24 Rags
br_wdrmtxfrrs,1690916400000,1690675688000,Product didn‚Äôt sell at all,2,One24 Rags
br_rpe59c3s7j,1690311600000,1689969014000,Fantastic!,5,One24 Rags
br_fj24fry6eu,1689966000000,1689796529000,Great experience ,5,One24 Rags
br_bsmdwqxpcs,1689706800000,1689421991000,Soo cute,5,One24 Rags
br_89e2t7bdj8,1689706800000,1689358711000,Love these!,5,One24 Rags
br_wsde4th9xy,1689620400000,1689268276000,Great quality!,5,One24 Rags
br_azgdhq9snf,1689361200000,1689175092000,Great!,5,One24 Rags
br_85zkgqjy5u,1687374000000,1687187683000,Great,5,One24 Rags
br_hyfvm576s8,1686855600000,1686671774000,Always a customer favorite!!!  Fast shipping.  Love the products I received.  Will order again.,5,One24 Rags
br_ebwcqy7p5v,1686769200000,1686593770000,Love One24!!!,5,One24 Rags
br_samnycud6h,1686164400000,1685994977000,Love these!! So cute!!,5,One24 Rags
br_zqjfnvjpkx,1685559600000,1685323051000,Great!,5,One24 Rags
br_px5e5dc28n,1685559600000,1685231016000,OBSESSED!!,5,One24 Rags
br_zjexu9qrx6,1685559600000,1685075486000,Amazing as always!,5,One24 Rags
br_e6xsccrsc8,1683831600000,1683650043000,Exceptional,5,One24 Rags
br_52takd2sdb,1683745200000,1683564608000,awesome t shirts!,5,One24 Rags
br_uppuuedgsz,1682449200000,1682107374000,these are always a tip seller,5,One24 Rags
br_5dhhp24y6h,1681844400000,1681591798000,love love them! ,5,One24 Rags
br_69ru2fy8jf,1680634800000,1680326460000,perfect,5,One24 Rags
br_69gfkv2px9,1680634800000,1680315819000,‚ù§Ô∏è‚ù§Ô∏è‚ù§Ô∏è,5,One24 Rags
br_26yvwkp6kw,1680030000000,1679628642000,Love them do much I‚Äôve reordered!,5,One24 Rags
br_8v6awfc28d,1677009600000,1676587548000,Love the daisy tees!!,5,One24 Rags
br_5kgcs3vamb,1676404800000,1676055990000,Good quality ,5,One24 Rags
br_9nfgq4u4bh,1675972800000,1675812359000,Love the Dirty Daisy tees!!!,5,One24 Rags
br_nw2txvhfac,1675108800000,1674744487000,Perfect!!!!,5,One24 Rags
br_ca5d6vwuzs,1674590400000,1674323719000,love,5,One24 Rags
br_4hpqmmufus,1674244800000,1674076722000,Great shirts ,5,One24 Rags
br_e85bn83w49,1674244800000,1674011955000,Love shirts! Will be ordering again. The shirts were just as the picture describes. Thank you! ,5,One24 Rags
br_dgnjnr8h64,1672171200000,1671891684000,Awesome quality ,5,One24 Rags
br_5vagjd2u4s,1669838400000,1669605132000,Great work. Love the tees,5,One24 Rags
br_ag2mqy6urn,1669147200000,1668792112000,Excellent as always!,5,One24 Rags
br_ks29taa4tf,1667329200000,1666974706000,Was never informed items were not available.,5,One24 Rags
br_mee28uw24d,1666983600000,1666817800000,Amazing ,5,One24 Rags
br_jgann8yvgn,1666292400000,1666117134000,nice the bright designs,5,One24 Rags
br_fjm6dr75mt,1664910000000,1664584618000,Love the designs,5,One24 Rags
br_tzj469ek4g,1664478000000,1664300356000,These are the perfect shirt to transition to fall!  ,5,One24 Rags
br_aek47ghtx9,1663959600000,1663721034000,My customers love them!,5,One24 Rags
br_x4wvr4ghws,1663873200000,1663707387000,We always have a great experience with One24,5,One24 Rags
br_knr286ga5w,1663873200000,1663682737000,Super fast shipping!,4,One24 Rags
br_6f3jbjtba8,1663700400000,1663349586000,Awesome produts!,5,One24 Rags
br_b3f5fy4cwa,1663700400000,1663349549000,Awesome produts!,5,One24 Rags
br_rn69h5dbbt,1663700400000,1663342771000,As usual PERFECTION!!,5,One24 Rags
br_7ddhnwfzx4,1663700400000,1663298783000,Great products and fast shipping,5,One24 Rags
br_76adjqhj9k,1663614000000,1663278737000,Items arrived very quickly and exactly as described and show ,5,One24 Rags
br_umukefwbz4,1663614000000,1663265110000,Always wonderful ,5,One24 Rags
br_fmme8cxj94,1663614000000,1663265039000,These T‚Äôs were great!!! I only wish they were a tad bit cheaper because of the type of print. ,4,One24 Rags
br_ka5q58hu6t,1663354800000,1663199195000,Very fast shipping ,5,One24 Rags
br_3hzner9bt4,1663354800000,1663174406000,Amazing as always! ‚ô•Ô∏è,5,One24 Rags
br_szb7z69bfm,1663095600000,1662838149000,this company has a great system! fast shipping always.,5,One24 Rags
br_e7ky8etx29,1662750000000,1662533774000,The artwork design was so unique! Everything was just as described! Great vendor!,5,One24 Rags
br_6anpyyqasf,1662663600000,1662491743000,So cute!,5,One24 Rags
br_2a6f7qyyxz,1662490800000,1662053842000,Excellent quality and arrived quick!,5,One24 Rags
br_zarf7nb4m3,1662145200000,1661967131000,great,5,One24 Rags
br_vf83sg63y6,1662058800000,1661881485000,Quality Product and Fast Shipping,5,One24 Rags
br_c76wap4a6v,1662058800000,1661852065000,Wish I could give more than 5 stars!!! I love love love all that I got! I will be ordering again!,5,One24 Rags
br_7b4wwruyvk,1661972400000,1661807767000,"Beautifully designed with high quality, affordable products!Quick shipping! I can‚Äôt wait to reorderüíõ",5,One24 Rags
br_6hqv78b6yj,1661886000000,1661481416000,Omgggg Lüíôve,5,One24 Rags
br_ekcb2gtmyz,1661886000000,1661481179000,Simply Precious ,5,One24 Rags
br_qgxhsg9k68,1661454000000,1661214558000,Great products easy to resell!!! ,5,One24 Rags
br_nfns88r78u,1661454000000,1661214357000,Loved,5,One24 Rags
br_z5gxeyb5jd,1661454000000,1661214338000,Perfection,5,One24 Rags
br_buap3zjj3c,1661367600000,1661170367000,Amazing! ,5,One24 Rags
br_5yra9tu73r,1661194800000,1660857762000,The BEST,5,One24 Rags
br_q73kyrjk9v,1661194800000,1660857690000,The BEST,5,One24 Rags
br_t458c7wnw7,1660676400000,1660322242000,Fun products!,5,One24 Rags
br_drj4yutpcm,1660590000000,1660251466000,Absolutely love One24!  ,5,One24 Rags
br_55mq9wpwq6,1660590000000,1660179676000,Such beautiful shirts!,5,One24 Rags
br_bd7beguze2,1659466800000,1659098424000,Love this vendor!,5,One24 Rags
br_t29vy7emhr,1658862000000,1658606691000,Fast shipping and good quality will order from again. ,5,One24 Rags
br_rxaaqmwtgz,1658862000000,1658544059000,Fast and quality ,5,One24 Rags
br_3rhce4y8t9,1658862000000,1658508356000,Great style and color combos!,5,One24 Rags
br_482zfhsvku,1658430000000,1658238875000,Amazing ,5,One24 Rags
br_gea6vrdftz,1658170800000,1657837264000,"Easy , quick, great quality!!  Will def order again",5,One24 Rags
br_6uzhazgg6b,1658170800000,1657822842000,Cute Tshirt!,5,One24 Rags
br_guv27c2xc7,1657825200000,1657646271000,Loved!,5,One24 Rags
br_6vsb3frd4c,1657652400000,1657472527000,Always the BEST!,5,One24 Rags
br_yapets48w4,1657134000000,1656963276000,Great T‚Äôs,5,One24 Rags
br_sd8bsns5yv,1656702000000,1656465954000,Great,5,One24 Rags
br_b57wpm4m3a,1655924400000,1655765870000,"Great product, and fast turn around time. Will definitely order again!",5,One24 Rags
br_uq9qpe4e7y,1655838000000,1655606623000,I love everything One 24 Rags!! Exceptional. ü§õ,5,One24 Rags
br_e6dwttxhc7,1655838000000,1655571902000,Fast Shipping ,5,One24 Rags
br_mx7ehc6mx4,1654628400000,1654377725000,Wonderful,5,One24 Rags
br_tqut3829wk,1654628400000,1654291932000,"Love, love, love! ‚ô•Ô∏è Super! ",5,One24 Rags
br_2avn9bg84m,1654023600000,1653585152000,LOVE! ,5,One24 Rags
br_96ycrjpq8k,1653678000000,1653444591000,Great experience overall. I wish the prices were a little cheaper. ,5,One24 Rags
br_r5t8vx4e93,1653591600000,1653402301000,Awesome Shirts. Will be ordering againg.,5,One24 Rags
br_ed37kcv5wr,1653505200000,1653345896000,Love these tee‚Äôs,5,One24 Rags
br_ntqas96n94,1653505200000,1653310785000,Love these tees!! Definitely will buy from again. ,5,One24 Rags
br_yc49cvmg5c,1653418800000,1653065315000,Senorita sells quickly!,5,One24 Rags
br_bnuj99a8gq,1653073200000,1652909679000,GREAT!,5,One24 Rags
br_439pxbpjx8,1652986800000,1652746757000,"Amazing quality, got here quick and packaging was organized and neat! ",5,One24 Rags
br_b9v4zt4zc6,1652382000000,1652153060000,Love the unique designs that I didn‚Äôt find anywhere else!!!,5,One24 Rags
br_vf9t7f5gsu,1651777200000,1651622076000,Customers love the designs ,5,One24 Rags
br_c6cv5ss2nc,1651777200000,1651603374000,Great Vendor Will Order Again,5,One24 Rags
br_x3kwntzk5f,1651172400000,1650983154000,Fantastic quality,5,One24 Rags
br_32kqmvgjzs,1651086000000,1650930361000,Great product,5,One24 Rags
br_b2xtg3djqu,1651086000000,1650904554000,Awesome clothing! ,5,One24 Rags
br_qjjyyxr86e,1650999600000,1650757151000,awesome ,5,One24 Rags
br_4qvg7peten,1649876400000,1649709689000,I keep reordering!,5,One24 Rags
br_jbkxwkxfwt,1649876400000,1649691026000,Great product! ,5,One24 Rags
br_waht35b2mm,1649185200000,1648995784000,These shirts are everything!,5,One24 Rags
br_ju6qk42xd7,1648839600000,1648658221000,Perfect ,5,One24 Rags
br_yr4ytu8xnm,1648753200000,1648567728000,Always pleased with this vendor!,5,One24 Rags
br_4egycbwg7e,1648234800000,1648053267000,"Love, Love, Love",5,One24 Rags
br_ytrhauv4xh,1647889200000,1647539684000,Amazing quality!,5,One24 Rags
br_dfzg85p84g,1647370800000,1647215996000,Great!,5,One24 Rags
br_6rkw799w9h,1647370800000,1647022941000,Loved their items,5,One24 Rags
br_a82u9wef73,1647370800000,1647022674000,Awesome TShirt. True to size. Not a huge hit but have been able to move a few of this in boutique. I personally love it.,4,One24 Rags
br_kmts9zrrqt,1646769600000,1646576638000,Beyond my expectations! Love everything!,5,One24 Rags
br_kbwwjrv6m8,1646337600000,1646151098000,Love the shirts and got them super quick! ,5,One24 Rags
br_9h8uy6h24v,1645646400000,1645156368000,Unique,5,One24 Rags
br_s5pmsg87uw,1643918400000,1643690963000,cute!!,5,One24 Rags
br_hxqh7wbk7r,1643745600000,1643473585000,Amazing,5,One24 Rags
br_b5wrbspcq3,1643659200000,1643320510000,Amazing!,5,One24 Rags
br_fpv43fypw9,1642622400000,1642382908000,"Fabulous, as always! ",5,One24 Rags
br_zwnn83vg34,1642622400000,1642261078000,"Nice quality, quick response!",5,One24 Rags
br_bt6ba9q9h5,1642622400000,1642215663000,Love them & so will my customers!,5,One24 Rags
br_j2yehdpyjx,1642104000000,1641883404000,"Awesome to do business with another small, family-owned business!!",5,One24 Rags
br_zqsn6gvb72,1639684800000,1639502346000,Amazing ,5,One24 Rags
br_3gmhthbr56,1639512000000,1639278247000,Love,5,One24 Rags
br_ak98gcw2st,1639425600000,1639010410000,Adorable and fast shipping!,5,One24 Rags
br_e8ar7znbkv,1639166400000,1638922820000,Awesomeness,5,One24 Rags
br_bhyjebx75m,1638475200000,1638284184000,Awesome!!!!  Love it. ,5,One24 Rags
br_r9mmsb3te5,1637611200000,1637206372000,Super,5,One24 Rags
br_bubjqbmtsv,1637006400000,1636601128000,Exceeded expectations ,5,One24 Rags
br_zjy5ywwkv2,1637006400000,1636552162000,Fast shipping!,5,One24 Rags
br_7gqvzbpkma,1636747200000,1636494798000,I‚Äôll surly be ordering again. ,5,One24 Rags
br_aup57cnpsv,1636488000000,1636135471000,Love the fabric!!,5,One24 Rags
br_cf7cvn9mmd,1636052400000,1635862642000,LOVE LOVE LOVE ,5,One24 Rags
br_d5pf8s84br,1635966000000,1635795306000,QUALITY A+++,5,One24 Rags
br_6eu8mar7pp,1635966000000,1635779093000,Super fast shipping! ,5,One24 Rags
br_g6adw2fstg,1635361200000,1635178181000,Always great quality,5,One24 Rags
br_p7bw54ceaj,1635274800000,1635103860000,Love!!,5,One24 Rags
br_jcs86afjtk,1635274800000,1635103843000,Amazing!!,5,One24 Rags
br_bvaucjzned,1635274800000,1635002581000,Excellent.,5,One24 Rags
br_nhju2q537u,1635188400000,1634854923000,Great selling line,5,One24 Rags
br_tky72fmjen,1634324400000,1634131446000,Overall good order!!,4,One24 Rags
br_s73b9avmae,1634324400000,1634129969000,"Great graphics, very vivid colors",5,One24 Rags
br_99hcpnb5st,1634324400000,1634121581000,Everything looked great. Very pleased with my order,5,One24 Rags
br_9pjjfumsrv,1634238000000,1634050059000,Looks great,5,One24 Rags
br_6kvwxbak45,1634238000000,1634048647000,Great Shirts ,5,One24 Rags
br_m7fgb44zff,1634238000000,1634046370000,Great Product!,5,One24 Rags
br_u7bd7xbkep,1634151600000,1633968325000,Great,5,One24 Rags
br_tm5ybuzk3k,1634151600000,1633852030000,Love the items purchased!,5,One24 Rags
br_5vec7g6rdt,1634065200000,1633635053000,AMAZING COMPANY,5,One24 Rags
br_mbyyqkj5qp,1633028400000,1632850625000,Super fast shipping! And exactly like the pictures show! Will order again! ,5,One24 Rags
br_vacgvxn5s9,1632942000000,1632749047000,love my shirts good quality idk what other brand was one of the tees but i didnt care for it to much it ran bigger but i love bella canvas tees bc they are the softest in my opinion but other than that i loved my order,5,One24 Rags
br_wupkgzajr5,1632855600000,1632498665000,LOVE these tees!,5,One24 Rags
br_v6bxdy39gx,1632510000000,1632320605000,Adorable Cups! ,5,One24 Rags
br_gu28axxbnj,1632423600000,1632267097000,my favorite company by far,5,One24 Rags
br_exfear5ec8,1632423600000,1632261859000,perfect,5,One24 Rags
br_ztk6bpr26h,1632337200000,1632178541000,Always love the shirts! Great quality! ,5,One24 Rags
br_nksbjsnd4m,1632250800000,1632002290000,Very nice tees,5,One24 Rags
br_w2rdhd4t25,1631818800000,1631628815000,Awesome!,5,One24 Rags
br_qhrpe2rz5s,1631818800000,1631627123000,Great!!,5,One24 Rags
br_6f4hayebgc,1631818800000,1631585549000,Shipping was quick ,5,One24 Rags
br_ptt6kmp47n,1631732400000,1631547509000,Great product! ,5,One24 Rags
br_9gqcb736kx,1631646000000,1631484736000,Awesome tumblers ,5,One24 Rags
br_nyrn7f6mq2,1631559600000,1631202382000,Great product,5,One24 Rags
br_u8djj88an4,1631127600000,1630720196000,Love! Love! Love!,5,One24 Rags
br_h89kccz8gm,1630609200000,1630375428000,Perfect,5,One24 Rags
br_e5by6ny8cz,1630522800000,1630343185000,Cutest shirts ever,5,One24 Rags
br_27w5k777qf,1630436400000,1630245795000,Love the designs and quality! ,5,One24 Rags
br_bt5djtfqbj,1630090800000,1629852236000,Quality,5,One24 Rags
br_bjemkggese,1629745200000,1629408200000,Obsessed ,5,One24 Rags
br_3hm7hj7cpa,1629745200000,1629405074000,Love this Shirt,5,One24 Rags
br_n85st3xhpk,1629745200000,1629349253000,‚ù§Ô∏è‚ù§Ô∏è‚ù§Ô∏è‚ù§Ô∏è‚ù§Ô∏è‚ù§Ô∏è‚ù§Ô∏è,5,One24 Rags
br_5rzfwka3yw,1629226800000,1628989802000,Fantastic ,5,One24 Rags
br_xnsp7xf45d,1629226800000,1628908170000,SO QUICK AND LOVE THE QUALITY AND SIZE OPTIONS!!!,5,One24 Rags
br_zmqggve2b7,1629226800000,1628819578000,Beautiful shirts! ,5,One24 Rags
br_2t3d4ng4qk,1629140400000,1628810831000,Awesome ,5,One24 Rags
br_rebsv4e6qa,1628881200000,1628723426000,Great service and product,5,One24 Rags
br_fs8z4guhbv,1628881200000,1628722942000,Great service and product,5,One24 Rags
br_g6ufaprhb7,1628708400000,1628522090000,Quick shipping great product ,5,One24 Rags
br_2r7n37bzse,1628622000000,1628299565000,Beautiful shirts my customer's loved them.,5,One24 Rags
br_wu7p499umm,1628017200000,1627678645000,Great,5,One24 Rags
br_mu8xkx5qpm,1627930800000,1627526647000,Awesome company ,5,One24 Rags
br_hryeexua43,1627671600000,1627499503000,Amazing ,5,One24 Rags
br_gqrksgmq89,1627412400000,1627183907000,Great material and design! ,5,One24 Rags
br_x4xmy67bhv,1626894000000,1626667210000,Always Awesome!,5,One24 Rags
br_f6xvkp78qc,1626462000000,1626264192000,Great shirts,5,One24 Rags
br_5qwyz5fbm4,1626202800000,1625941576000,Cute,5,One24 Rags
br_r9c8xun872,1626202800000,1625797233000,"Great purchase, will be buying again.",5,One24 Rags
br_8vde94s7mw,1626116400000,1625785526000,Fabulous!. Love both products!. Amazing quality.,5,One24 Rags
br_czyu6kcgw2,1625684400000,1625513443000,So soft and beautiful!,5,One24 Rags
br_e8ha5kdkae,1625684400000,1625319482000,Very impressed with shipping speed and quality of products.,5,One24 Rags
br_a7zystkf9v,1625684400000,1625241371000,PERFECT!,5,One24 Rags
br_q86vrcu6qx,1625684400000,1625241192000,PERFECT!,5,One24 Rags
br_ku7n3y678y,1625684400000,1625241139000,PERFECT!,5,One24 Rags
br_zww852kbpg,1625598000000,1625108231000,Processing and Shipping were very quick. Product far exceeded my expectations. Will place an order with company again..,5,One24 Rags
br_gaetydmybq,1624993200000,1624734472000,Just Incredible!!!!,5,One24 Rags
br_swjakc6935,1624561200000,1624364035000,Great products and fast shipping!!,5,One24 Rags
br_9wq6dh432s,1624388400000,1624228153000,Awesome,5,One24 Rags
br_b7jzn57mk6,1624388400000,1623979537000,Awesome!,5,One24 Rags
br_hv5nhu2c4s,1624302000000,1623963805000,GREAT!,5,One24 Rags
br_gu2t5kkq8d,1624302000000,1623904318000,Beautiful Merchandise ,5,One24 Rags
br_tbdsq9qc75,1624042800000,1623811175000,GREAT!,5,One24 Rags
br_ezvxm6ukpa,1623956400000,1623778566000,"Awesome products, sold really fast ",5,One24 Rags
br_2snguk3qd9,1623956400000,1623773486000,Customers love them!,5,One24 Rags
br_4ewhjjj6qq,1623956400000,1623716171000,Love! Adorable!,5,One24 Rags
br_abm6dyd8zs,1623783600000,1623504824000,Perfect experience. Everything was included in the order and great quality ,5,One24 Rags
br_upck5e9znt,1623783600000,1623500333000,Great shirts!,5,One24 Rags
br_gx9h8s8cbj,1623783600000,1623441412000,Love the tees,5,One24 Rags
br_r6pnxgwcc4,1623697200000,1623330596000,Great Product!,5,One24 Rags
br_fzaz6nsheu,1623438000000,1623281160000,Pretty colors ,4,One24 Rags
br_245zsr8s5s,1623351600000,1623176709000,Super cute T's!  Just in time for July 4th!,5,One24 Rags
br_u3rnggjkfj,1623178800000,1622810210000,Great quality! I was so satisfied üòÅ,5,One24 Rags
br_s5jemszv4k,1623092400000,1622736627000,Excellent!,5,One24 Rags
br_387qa8649j,1622833200000,1622608016000,IN LOVE WITH THESE!,5,One24 Rags
br_b4pdk3v9h5,1622746800000,1622567254000,LOVE THese tees!!!! My Customers have just raved about them !!!! ,5,One24 Rags
