search_query,brand_token,sort_key,execution_date,brand_name,execution_timestamp,order,title
Sleepwear Sets,b_aywbakgus6,Sleepwear Sets:2024-05-23T04:04:34.066Z:1,2024-05-23,Weddingstar Inc.,2024-05-23T04:04:34.066Z,1,Women's Satin Pajama Sleepwear Set - 3 Available Colors
Sleepwear Sets,b_aywbakgus6,Sleepwear Sets:2024-05-23T04:04:34.066Z:2,2024-05-23,Weddingstar Inc.,2024-05-23T04:04:34.066Z,2,Women's Satin Pajama Sleepwear Set - Floral
Sleepwear Sets,b_jkhzdth9kx,Sleepwear Sets:2024-05-23T04:04:34.066Z:3,2024-05-23,Wholesalesir,2024-05-23T04:04:34.066Z,3,Silk Satin Pajamas Set Loungewear Button-Down Pj Sets
Sleepwear Sets,b_5szpftnf7a,Sleepwear Sets:2024-05-23T04:04:34.066Z:4,2024-05-23,Anna Kaci Wholesale,2024-05-23T04:04:34.066Z,4,Satin Tank and Ruffle Hem Shorts
Sleepwear Sets,b_jkhzdth9kx,Sleepwear Sets:2024-05-23T04:04:34.066Z:5,2024-05-23,Wholesalesir,2024-05-23T04:04:34.066Z,5,2 Piece Button Front Sleepwear Pants Set Loungewear
Sleepwear Sets,b_gd86yguu29,Sleepwear Sets:2024-05-23T04:04:34.066Z:6,2024-05-23,NINEXIS,2024-05-23T04:04:34.066Z,6,CWSPJ002_SHORT SLEEVE NOTCH COLLAR PAJAMA SET
Sleepwear Sets,b_9qqlp5kqt7,Sleepwear Sets:2024-05-23T04:04:34.066Z:7,2024-05-23,UNISHE,2024-05-23T04:04:34.066Z,7,Plain Top With Frill Hem Shorts 2pcs Lounge Set KX089
Sleepwear Sets,b_aywbakgus6,Sleepwear Sets:2024-05-23T04:04:34.066Z:8,2024-05-23,Weddingstar Inc.,2024-05-23T04:04:34.066Z,8,Embroidered Knit Pajama Short Set - 4 Colors
Sleepwear Sets,b_9d68srbxft,Sleepwear Sets:2024-05-23T04:04:34.066Z:9,2024-05-23,WHITE MARK,2024-05-23T04:04:34.066Z,9,Women's 3-Piece Striped Pajama & Robe Set
Sleepwear Sets,b_7pu8xh0jer,Sleepwear Sets:2024-05-23T04:04:34.066Z:10,2024-05-23,Bash,2024-05-23T04:04:34.066Z,10,"Bridesmaid Pajamas, Sorority Pajamas, Pajama Set"
Sleepwear Sets,b_5szpftnf7a,Sleepwear Sets:2024-05-23T04:04:34.066Z:11,2024-05-23,Anna Kaci Wholesale,2024-05-23T04:04:34.066Z,11,Fruit Pattern Lounge Coordinates
Sleepwear Sets,b_9swhtreag5,Sleepwear Sets:2024-05-23T04:04:34.066Z:12,2024-05-23,Sweetkama,2024-05-23T04:04:34.066Z,12,Ladies Stripe Top and Shorts Daily 3PCS Set SKST1704
Sleepwear Sets,b_uv76zkk977,Sleepwear Sets:2024-05-23T04:04:34.066Z:13,2024-05-23,The Front Porch Label,2024-05-23T04:04:34.066Z,13,Pink Howdy Pajama Set
Sleepwear Sets,b_b5qvtl6s4w,Sleepwear Sets:2024-05-23T04:04:34.066Z:14,2024-05-23,Pretty Bash,2024-05-23T04:04:34.066Z,14,Floral Shirt and Shorts Pajama Set
Sleepwear Sets,b_5szpftnf7a,Sleepwear Sets:2024-05-23T04:04:34.066Z:15,2024-05-23,Anna Kaci Wholesale,2024-05-23T04:04:34.066Z,15,Cowl Tank and Shorts Lounge Set
Sleepwear Sets,b_11782mgvt5,Sleepwear Sets:2024-05-23T04:04:34.066Z:16,2024-05-23,LA Society,2024-05-23T04:04:34.066Z,16,Flower Print Short Sleeve Shirt Pajamas Set
Sleepwear Sets,b_m4nc6munyv,Sleepwear Sets:2024-05-23T04:04:34.066Z:17,2024-05-23,Rosa Clothing,2024-05-23T04:04:34.066Z,17,Lace Textured Camisole and Shorts Sleep Set
Sleepwear Sets,b_s85tu97m4y,Sleepwear Sets:2024-05-23T04:04:34.066Z:18,2024-05-23,Tickled Teal,2024-05-23T04:04:34.066Z,18,The Elisa Pajama Set
Sleepwear Sets,b_9d68srbxft,Sleepwear Sets:2024-05-23T04:04:34.066Z:19,2024-05-23,WHITE MARK,2024-05-23T04:04:34.066Z,19,Short Sleeve & Pants Tropical Pajama Set
Sleepwear Sets,b_uv76zkk977,Sleepwear Sets:2024-05-23T04:04:34.066Z:20,2024-05-23,The Front Porch Label,2024-05-23T04:04:34.066Z,20,Black Brand Pajama Set
Sleepwear Sets,b_ssnpnu4tp4,Sleepwear Sets:2024-05-23T04:04:34.066Z:21,2024-05-23,Supreme Fashion,2024-05-23T04:04:34.066Z,21,Comfy Round Neck Loungewear
Sleepwear Sets,b_m4nc6munyv,Sleepwear Sets:2024-05-23T04:04:34.066Z:22,2024-05-23,Rosa Clothing,2024-05-23T04:04:34.066Z,22,9 colors satin pajamas bathrobe loungewear 2-piece set women
Sleepwear Sets,b_kxxbz7jx5y,Sleepwear Sets:2024-05-23T04:04:34.066Z:23,2024-05-23,Adore By Michelle Mura Sleepwear,2024-05-23T04:04:34.066Z,23,Heavenly Pyjama Sleepwear Set
Sleepwear Sets,b_734rcuma0r,Sleepwear Sets:2024-05-23T04:04:34.066Z:24,2024-05-23,Hope Horizon LLC,2024-05-23T04:04:34.066Z,24,Light Grey So Cozy Lightweight Lounge Sets
Sleepwear Sets,b_ssnpnu4tp4,Sleepwear Sets:2024-05-23T04:04:34.066Z:25,2024-05-23,Supreme Fashion,2024-05-23T04:04:34.066Z,25,Comfy Round Neck Tie Dye Loungewear
Sleepwear Sets,b_b5qvtl6s4w,Sleepwear Sets:2024-05-23T04:04:34.066Z:26,2024-05-23,Pretty Bash,2024-05-23T04:04:34.066Z,26,Western Top and Shorts Pajama Set
Sleepwear Sets,b_q5s3z4svk7,Sleepwear Sets:2024-05-23T04:04:34.066Z:27,2024-05-23,KTNN Studio Inc.,2024-05-23T04:04:34.066Z,27,Palma Floral Print Lounge Sets
Sleepwear Sets,b_5o8ey581fk,Sleepwear Sets:2024-05-23T04:04:34.066Z:28,2024-05-23,DM Merchandising,2024-05-23T04:04:34.066Z,28,Hello Mello Beauty Sleep Satin Pajama Tops Open Stock
Sleepwear Sets,b_9swhtreag5,Sleepwear Sets:2024-05-23T04:04:34.066Z:29,2024-05-23,Sweetkama,2024-05-23T04:04:34.066Z,29,Solid Color Hoodie Top and Pant Set Sweater Set 9263
Sleepwear Sets,b_2ig5ozgc,Sleepwear Sets:2024-05-23T04:04:34.066Z:30,2024-05-23,Vanilla Monkey,2024-05-23T04:04:34.066Z,30,Plus Brushed Dty Microfiber Loungewear Set
Sleepwear Sets,b_gd86yguu29,Sleepwear Sets:2024-05-23T04:04:34.066Z:31,2024-05-23,NINEXIS,2024-05-23T04:04:34.066Z,31,CWSPJ0098_SOLID COLOR LONG SLEEVE SHIRT PANTS PAJAMAS SET
Sleepwear Sets,b_ssnpnu4tp4,Sleepwear Sets:2024-05-23T04:04:34.066Z:32,2024-05-23,Supreme Fashion,2024-05-23T04:04:34.066Z,32,V Neck Tie Dye Loungewear Pajama Set
Sleepwear Sets,b_2ig5ozgc,Sleepwear Sets:2024-05-23T04:04:34.066Z:33,2024-05-23,Vanilla Monkey,2024-05-23T04:04:34.066Z,33,Dty Top And Shorts Set
Sleepwear Sets,b_gd86yguu29,Sleepwear Sets:2024-05-23T04:04:34.066Z:34,2024-05-23,NINEXIS,2024-05-23T04:04:34.066Z,34,CWSPJ0078_LONG SLEEVE SHIRT WITH BUTTONS SHORTS PAJAMAS SET
Sleepwear Sets,b_d1kl7glxql,Sleepwear Sets:2024-05-23T04:04:34.066Z:35,2024-05-23,Simply Name It,2024-05-23T04:04:34.066Z,35,Women's Pajama Shorts Set - 11 Colors
Sleepwear Sets,b_9qqlp5kqt7,Sleepwear Sets:2024-05-23T04:04:34.066Z:36,2024-05-23,UNISHE,2024-05-23T04:04:34.066Z,36,Spaghetti Top and Shorts Pajamas Set ZK1137
Sleepwear Sets,b_59jqlfx95s,Sleepwear Sets:2024-05-23T04:04:34.066Z:37,2024-05-23,KAYAN.L,2024-05-23T04:04:34.066Z,37,White Striped Button Front  Pajama Set
Sleepwear Sets,b_9d68srbxft,Sleepwear Sets:2024-05-23T04:04:34.066Z:38,2024-05-23,WHITE MARK,2024-05-23T04:04:34.066Z,38,Plus Size 2 Piece Top & Shorts Lounge Set
Sleepwear Sets,b_q5s3z4svk7,Sleepwear Sets:2024-05-23T04:04:34.066Z:39,2024-05-23,KTNN Studio Inc.,2024-05-23T04:04:34.066Z,39,Black Short Sleeves T-shirt/Joggers sets
Sleepwear Sets,b_b5qvtl6s4w,Sleepwear Sets:2024-05-23T04:04:34.066Z:40,2024-05-23,Pretty Bash,2024-05-23T04:04:34.066Z,40,Leopard Tee and Shorts Set
Sleepwear Sets,b_m8aq2q3qv8,Sleepwear Sets:2024-05-23T04:04:34.066Z:41,2024-05-23,Lily Clothing,2024-05-23T04:04:34.066Z,41,WOMEN COMFORTABLE LOOSE PAJAMAS_CWSPJ036
Sleepwear Sets,b_f4kavkbe9g,Sleepwear Sets:2024-05-23T04:04:34.066Z:42,2024-05-23,HIDDENBRAND,2024-05-23T04:04:34.066Z,42,Casual pants comfortable cotton crepe love print suit
Sleepwear Sets,b_m4nc6munyv,Sleepwear Sets:2024-05-23T04:04:34.066Z:43,2024-05-23,Rosa Clothing,2024-05-23T04:04:34.066Z,43,Silk pajamas long sleeve ice silk loungewear 2-piece set
Sleepwear Sets,b_b5qvtl6s4w,Sleepwear Sets:2024-05-23T04:04:34.066Z:44,2024-05-23,Pretty Bash,2024-05-23T04:04:34.066Z,44,Western Shirt and Shorts Pajama Set
Sleepwear Sets,b_edocpe4xti,Sleepwear Sets:2024-05-23T04:04:34.066Z:45,2024-05-23,Gibsonlook,2024-05-23T04:04:34.066Z,45,GIGI Luxe Lounge Button Up Silky Sleep Dress
Sleepwear Sets,b_qqxknpn9uh,Sleepwear Sets:2024-05-23T04:04:34.066Z:46,2024-05-23,SEPHIOR INC,2024-05-23T04:04:34.066Z,46,Beige Floret Printed Pajama Shorts Set
Sleepwear Sets,b_jkhzdth9kx,Sleepwear Sets:2024-05-23T04:04:34.066Z:47,2024-05-23,Wholesalesir,2024-05-23T04:04:34.066Z,47,Solid Color Short Sleeved Shorts For Casual Home Wear
Sleepwear Sets,b_9d68srbxft,Sleepwear Sets:2024-05-23T04:04:34.066Z:48,2024-05-23,WHITE MARK,2024-05-23T04:04:34.066Z,48,Women's Short Sleeve Bamboo Pajama Set
Sleepwear Sets,b_1f7p8ul7e0,Sleepwear Sets:2024-05-23T04:04:34.066Z:49,2024-05-23,CAPELLA APPAREL,2024-05-23T04:04:34.066Z,49,Comfy Tank Top & Shorts Set
Sleepwear Sets,b_cb594tt71l,Sleepwear Sets:2024-05-23T04:04:34.066Z:50,2024-05-23,Pure Fiber,2024-05-23T04:04:34.066Z,50,Bamboo Tank Short 2PCS Loungewear Set
Sleepwear Sets,b_gd86yguu29,Sleepwear Sets:2024-05-23T04:04:34.066Z:51,2024-05-23,NINEXIS,2024-05-23T04:04:34.066Z,51,CWSPJ0096_PRINTED LONG SLEEVED SHIRT PANTS PAJAMAS SET
Sleepwear Sets,b_m4nc6munyv,Sleepwear Sets:2024-05-23T04:04:34.066Z:52,2024-05-23,Rosa Clothing,2024-05-23T04:04:34.066Z,52,Blue Gingham tie front top boxer short sleep set
Sleepwear Sets,b_erg8vzmjsk,Sleepwear Sets:2024-05-23T04:04:34.066Z:53,2024-05-23,Miss Sparkling,2024-05-23T04:04:34.066Z,53,Novelty 2 piece pajama set
Sleepwear Sets,b_2qj6k6gbd9,Sleepwear Sets:2024-05-23T04:04:34.066Z:54,2024-05-23,DrifWoo,2024-05-23T04:04:34.066Z,54,Women Pajamas Set Comfy Loungewear Set Bridesmaid Wedding
Sleepwear Sets,b_e3j0lyvl3k,Sleepwear Sets:2024-05-23T04:04:34.066Z:56,2024-05-23,Stay Warm in Style,2024-05-23T04:04:34.066Z,56,Acid Washed Short Lounge Set
Sleepwear Sets,b_5szpftnf7a,Sleepwear Sets:2024-05-23T04:04:34.066Z:57,2024-05-23,Anna Kaci Wholesale,2024-05-23T04:04:34.066Z,57,Contrast Piping Basic Lounge Set
Sleepwear Sets,b_59jqlfx95s,Sleepwear Sets:2024-05-23T04:04:34.066Z:58,2024-05-23,KAYAN.L,2024-05-23T04:04:34.066Z,58,Black Striped Button Front Pajama Set
Sleepwear Sets,b_9musw3ptjf,Sleepwear Sets:2024-05-23T04:04:34.066Z:61,2024-05-23,Best Underwear Line,2024-05-23T04:04:34.066Z,61,Youmita Soft Pajama Short Set-YM-32419-PJS-S
Sleepwear Sets,b_5o8ey581fk,Sleepwear Sets:2024-05-23T04:04:34.066Z:62,2024-05-23,DM Merchandising,2024-05-23T04:04:34.066Z,62,Hello MelloÂ® Beauty Sleep Satin Pajama Shorts Open Stock
Sleepwear Sets,b_4adquqjref,Sleepwear Sets:2024-05-23T04:04:34.066Z:63,2024-05-23,JT's Designer Fashion,2024-05-23T04:04:34.066Z,63,Sky Blue Floral Long Sleeve Top and Drawstring Shorts Set
Sleepwear Sets,b_9swhtreag5,Sleepwear Sets:2024-05-23T04:04:34.066Z:64,2024-05-23,Sweetkama,2024-05-23T04:04:34.066Z,64,Sweetkama 3PCS Solid Color Soft Knit Ladies Daily Set
Sleepwear Sets,b_uv76zkk977,Sleepwear Sets:2024-05-23T04:04:34.066Z:65,2024-05-23,The Front Porch Label,2024-05-23T04:04:34.066Z,65,Brown Cowhide Pajama Set
Sleepwear Sets,b_4o7hxpq095,Sleepwear Sets:2024-05-23T04:04:34.066Z:66,2024-05-23,Sunday Morning,2024-05-23T04:04:34.066Z,66,Naoko Linen Kimono Sleepwear Set
Sleepwear Sets,b_ssnpnu4tp4,Sleepwear Sets:2024-05-23T04:04:34.066Z:67,2024-05-23,Supreme Fashion,2024-05-23T04:04:34.066Z,67,Solid V Neck Short Sleeve Loungewear
Sleepwear Sets,b_s85tu97m4y,Sleepwear Sets:2024-05-23T04:04:34.066Z:68,2024-05-23,Tickled Teal,2024-05-23T04:04:34.066Z,68,Heidi Animal Pajama Set
Sleepwear Sets,b_11782mgvt5,Sleepwear Sets:2024-05-23T04:04:34.066Z:69,2024-05-23,LA Society,2024-05-23T04:04:34.066Z,69,Leopard Contrast Trim Satin 2pcs Short Pajama Set
Sleepwear Sets,b_mupfy7bg2t,Sleepwear Sets:2024-05-23T04:04:34.066Z:70,2024-05-23,Lingerie Mart,2024-05-23T04:04:34.066Z,70,Be Wicked Riley Butter Soft Jersey Pajama Set BW2027
Sleepwear Sets,b_59jqlfx95s,Sleepwear Sets:2024-05-23T04:04:34.066Z:71,2024-05-23,KAYAN.L,2024-05-23T04:04:34.066Z,71,Lake blue Satin Long Pajama Set
Sleepwear Sets,b_mmmfru3djn,Sleepwear Sets:2024-05-23T04:04:34.066Z:72,2024-05-23,FULL TIME PURCHASE,2024-05-23T04:04:34.066Z,72,Printed Christmas Pattern Buttoned Two Piece Sleepwear
Sleepwear Sets,b_5szpftnf7a,Sleepwear Sets:2024-05-23T04:04:34.066Z:73,2024-05-23,Anna Kaci Wholesale,2024-05-23T04:04:34.066Z,73,Solid Color Multi Lounge Set
Sleepwear Sets,b_ds1luiinpq,Sleepwear Sets:2024-05-23T04:04:34.066Z:74,2024-05-23,MOA COLLECTION,2024-05-23T04:04:34.066Z,74,Women's Print Crew Neck Loungewear Set
Sleepwear Sets,b_53an4ub1x2,Sleepwear Sets:2024-05-23T04:04:34.066Z:75,2024-05-23,CEFIAN FASHION,2024-05-23T04:04:34.066Z,75,LOUNGE NIGHTS IN SHORTS SET
Sleepwear Sets,b_9d68srbxft,Sleepwear Sets:2024-05-23T04:04:34.066Z:76,2024-05-23,WHITE MARK,2024-05-23T04:04:34.066Z,76,Plus Size Short Sleeve & Pants Tropical Pajama Set
Sleepwear Sets,b_9rvhvqmmsv,Sleepwear Sets:2024-05-23T04:04:34.066Z:77,2024-05-23,The Moment Collection,2024-05-23T04:04:34.066Z,77,Lazy Days Fuzzy Cami Top and Pants Two-Piece Loungewear Set
Sleepwear Sets,b_ssnpnu4tp4,Sleepwear Sets:2024-05-23T04:04:34.066Z:78,2024-05-23,Supreme Fashion,2024-05-23T04:04:34.066Z,78,Sleeveless Floral Top And Shorts Set
Sleepwear Sets,b_5c0ij053zo,Sleepwear Sets:2024-05-23T04:04:34.066Z:79,2024-05-23,Leto Accessories,2024-05-23T04:04:34.066Z,79,Casual Knit Boucle Lounge Ensemble - Ease & Elegance ðŸŒŸ
Sleepwear Sets,b_m4nc6munyv,Sleepwear Sets:2024-05-23T04:04:34.066Z:80,2024-05-23,Rosa Clothing,2024-05-23T04:04:34.066Z,80,Women's knitted pajamas trousers soft loungewear 2-piece set
Sleepwear Sets,b_bp9ko7sqyj,Sleepwear Sets:2024-05-23T04:04:34.066Z:81,2024-05-23,Angle,2024-05-23T04:04:34.066Z,81,Shorts Sleep Set 2pc - Pink
Sleepwear Sets,b_734rcuma0r,Sleepwear Sets:2024-05-23T04:04:34.066Z:82,2024-05-23,Hope Horizon LLC,2024-05-23T04:04:34.066Z,82,Purple Short Sleeves T-shirt/Joggers sets
Sleepwear Sets,b_m95natja9m,Sleepwear Sets:2024-05-23T04:04:34.066Z:83,2024-05-23,Aapparella,2024-05-23T04:04:34.066Z,83,Women Flower Print Short Sleeve Shirt Pajamas Set | S-XL
Sleepwear Sets,b_gunybtdwvh,Sleepwear Sets:2024-05-23T04:04:34.066Z:84,2024-05-23,FurDecoration,2024-05-23T04:04:34.066Z,84,Long Sleeve Lapel Single Breasted Two-Piece Pajama Set with Loose-Fit Top and Pants
Sleepwear Sets,b_9t9987b2xw,Sleepwear Sets:2024-05-23T04:04:34.066Z:85,2024-05-23,JHP Collection,2024-05-23T04:04:34.066Z,85,ADJUSTABLE CAMI WITH LACE CAPRI PANTS SET PAJAMA SET
Sleepwear Sets,b_sg72ft3nfa,Sleepwear Sets:2024-05-23T04:04:34.066Z:86,2024-05-23,Secret Style Source,2024-05-23T04:04:34.066Z,86,Satin Lace Cami Shorts Set
Sleepwear Sets,b_pzbv7m48pw,Sleepwear Sets:2024-05-23T04:04:34.066Z:87,2024-05-23,Little Daisy Closet,2024-05-23T04:04:34.066Z,87,LDC Flower Print Short Sleeve Shirt Pajamas Set
Sleepwear Sets,b_557wvxtj26,Sleepwear Sets:2024-05-23T04:04:34.066Z:88,2024-05-23,Paperdoll,2024-05-23T04:04:34.066Z,88, Satin Ice Silk Pajamas Suit 
Sleepwear Sets,b_9swhtreag5,Sleepwear Sets:2024-05-23T04:04:34.066Z:89,2024-05-23,Sweetkama,2024-05-23T04:04:34.066Z,89,Ladies Round Neck Sleeveless Top Shorts 2PCS Set 2Z2035B
Sleepwear Sets,b_br6ji29u,Sleepwear Sets:2024-05-23T04:04:34.066Z:90,2024-05-23,Softies,2024-05-23T04:04:34.066Z,90,Marshmallow Reverse Seam Bracelet Lounge Set - Oprah's Fave
Sleepwear Sets,b_2qj6k6gbd9,Sleepwear Sets:2024-05-23T04:04:34.066Z:91,2024-05-23,DrifWoo,2024-05-23T04:04:34.066Z,91,Woman Â Loungewear Set Â Pajama Set Women Bridal Pajamas Set
Sleepwear Sets,b_gunybtdwvh,Sleepwear Sets:2024-05-23T04:04:34.066Z:92,2024-05-23,FurDecoration,2024-05-23T04:04:34.066Z,92,Faux Silk Feather Pajamas
Sleepwear Sets,b_mmmfru3djn,Sleepwear Sets:2024-05-23T04:04:34.066Z:93,2024-05-23,FULL TIME PURCHASE,2024-05-23T04:04:34.066Z,93,Black Acid Washed Short Lounge Set
Sleepwear Sets,b_dj4erklvw0,Sleepwear Sets:2024-05-23T04:04:34.066Z:94,2024-05-23,BeWicked,2024-05-23T04:04:34.066Z,94,1962 Luna Cami and Short Set
Sleepwear Sets,b_11782mgvt5,Sleepwear Sets:2024-05-23T04:04:34.066Z:95,2024-05-23,LA Society,2024-05-23T04:04:34.066Z,95,Textured Loose Fit T Shirt and Drawstring Pants Set
Sleepwear Sets,b_mavtzytwmj,Sleepwear Sets:2024-05-23T04:04:34.066Z:96,2024-05-23,Umorger,2024-05-23T04:04:34.066Z,96,Western Boots Printed Short Pajama Set
Sleepwear Sets,b_q5s3z4svk7,Sleepwear Sets:2024-05-23T04:04:34.066Z:97,2024-05-23,KTNN Studio Inc.,2024-05-23T04:04:34.066Z,97,La Brenne Soft Cozy Lounge Sets
Sleepwear Sets,b_b3gw43k3vv,Sleepwear Sets:2024-05-23T04:04:34.066Z:98,2024-05-23,Leggings Depot,2024-05-23T04:04:34.066Z,98,Buttery Soft Pajama Set
Sleepwear Sets,b_59jqlfx95s,Sleepwear Sets:2024-05-23T04:04:34.066Z:99,2024-05-23,KAYAN.L,2024-05-23T04:04:34.066Z,99,Pink Striped Button Front Long Sleeves Pajama Set
Sleepwear Sets,b_mhpyzpy8cz,Sleepwear Sets:2024-05-23T04:04:34.066Z:100,2024-05-23,Mapcie,2024-05-23T04:04:34.066Z,100,LONG SLEEVE WITH SHORT BUTTON DOWN SET
Sleepwear Sets,b_jkhzdth9kx,Sleepwear Sets:2024-05-23T04:04:34.066Z:101,2024-05-23,Wholesalesir,2024-05-23T04:04:34.066Z,101,Home Wear Solid Color Casual Waffle Two-Piece Shorts Set
Sleepwear Sets,b_qqxknpn9uh,Sleepwear Sets:2024-05-23T04:04:34.066Z:102,2024-05-23,SEPHIOR INC,2024-05-23T04:04:34.066Z,102,Black Western Boots Printed Short Pajama Set
Sleepwear Sets,b_ru6an13eof,Sleepwear Sets:2024-05-23T04:04:34.066Z:103,2024-05-23,Blue B,2024-05-23T04:04:34.066Z,103,13000SET - Soft Long Sleeve Star Print Top and Short Set
Sleepwear Sets,b_gd86yguu29,Sleepwear Sets:2024-05-23T04:04:34.066Z:104,2024-05-23,NINEXIS,2024-05-23T04:04:34.066Z,104,CWSPJ0085_PRINTED LONG SLEEVED SHIRT PANTS AND PAJAMA SET
Sleepwear Sets,b_1p4exxn1g2,Sleepwear Sets:2024-05-23T04:04:34.066Z:105,2024-05-23,Studio Ko Clothing,2024-05-23T04:04:34.066Z,105,BAMBOO LOUNGE SHORTS SET NEW
Sleepwear Sets,b_29kq56fz,Sleepwear Sets:2024-05-23T04:04:34.066Z:106,2024-05-23,Bella Sleep + Spa,2024-05-23T04:04:34.066Z,106,Cami + Ruffled Short - Cotton Blossom
Sleepwear Sets,b_uv76zkk977,Sleepwear Sets:2024-05-23T04:04:34.066Z:107,2024-05-23,The Front Porch Label,2024-05-23T04:04:34.066Z,107,Vintage Cowboy Pajama Set
Sleepwear Sets,b_9swhtreag5,Sleepwear Sets:2024-05-23T04:04:34.066Z:108,2024-05-23,Sweetkama,2024-05-23T04:04:34.066Z,108,Sweetkama Ladies Waist Tie Shirt Loose Shorts Flare Set
Sleepwear Sets,b_nrxkurctx2,Sleepwear Sets:2024-05-23T04:04:34.066Z:109,2024-05-23,Hanalei's Market,2024-05-23T04:04:34.066Z,109,Western Top and Shorts Pajama Set
Sleepwear Sets,b_1p4exxn1g2,Sleepwear Sets:2024-05-23T04:04:34.066Z:110,2024-05-23,Studio Ko Clothing,2024-05-23T04:04:34.066Z,110,BAMBOO NIGHTY DAY SET
Sleepwear Sets,b_ec3bkdsy,Sleepwear Sets:2024-05-23T04:04:34.066Z:111,2024-05-23,8 Oak Lane,2024-05-23T04:04:34.066Z,111,Blue & White Textured Tie Top Sleep Set
Sleepwear Sets,b_pxuqxqexwb,Sleepwear Sets:2024-05-23T04:04:34.066Z:112,2024-05-23,Burgundy Apparel,2024-05-23T04:04:34.066Z,112,SHORT SLEEVE AND SHORTS SET
Sleepwear Sets,b_pzbv7m48pw,Sleepwear Sets:2024-05-23T04:04:34.066Z:113,2024-05-23,Little Daisy Closet,2024-05-23T04:04:34.066Z,113,LDC Champagne Print Silky Short Sleeve Pajamas Set
Sleepwear Sets,b_59jqlfx95s,Sleepwear Sets:2024-05-23T04:04:34.066Z:114,2024-05-23,KAYAN.L,2024-05-23T04:04:34.066Z,114,Blue Striped Button Front Long Sleeves Pajama Set
Sleepwear Sets,b_mmmfru3djn,Sleepwear Sets:2024-05-23T04:04:34.066Z:115,2024-05-23,FULL TIME PURCHASE,2024-05-23T04:04:34.066Z,115,Flower Print Short Sleeve Shirt Pajamas Set
Sleepwear Sets,b_q5s3z4svk7,Sleepwear Sets:2024-05-23T04:04:34.066Z:116,2024-05-23,KTNN Studio Inc.,2024-05-23T04:04:34.066Z,116,Dark Grey Short Sleeves T-shirt/Joggers sets
Sleepwear Sets,b_t9mynp4xpd,Sleepwear Sets:2024-05-23T04:04:34.066Z:117,2024-05-23,Lovesoft,2024-05-23T04:04:34.066Z,117,Black Western Boots Printed Short Pajama Set
Sleepwear Sets,b_jkhzdth9kx,Sleepwear Sets:2024-05-23T04:04:34.066Z:118,2024-05-23,Wholesalesir,2024-05-23T04:04:34.066Z,118,Button Up Pajamas for Women Long Sleeve Soft Set
Sleepwear Sets,b_aiirh8uc9i,Sleepwear Sets:2024-05-23T04:04:34.066Z:119,2024-05-23,H&H Fashion Inc.,2024-05-23T04:04:34.066Z,119,ISET111 - 2 PC Solid Top & Short Set
Sleepwear Sets,b_bqkjnajgf5,Sleepwear Sets:2024-05-23T04:04:34.066Z:120,2024-05-23,Merigold Kiss,2024-05-23T04:04:34.066Z,120,MK166 Lazy Saturday Satin Pajama Set - Pink Western Check
Sleepwear Sets,b_49fiqvsoot,Sleepwear Sets:2024-05-23T04:04:34.066Z:121,2024-05-23,Amanda Blu,2024-05-23T04:04:34.066Z,121,Pajama Pants - Happy Hour
Sleepwear Sets,b_agg4r2swnd,Sleepwear Sets:2024-05-23T04:04:34.066Z:122,2024-05-23,LiveFashionWay,2024-05-23T04:04:34.066Z,122,Textured Loose Fit T Shirt and Drawstring Pants Set
Sleepwear Sets,b_43wrkc4hw4,Sleepwear Sets:2024-05-23T04:04:34.066Z:123,2024-05-23,Commodities Trading (UK) Limited,2024-05-23T04:04:34.066Z,123,Women's Organic Cotton Pyjama Short Set - Pink Jungle
Sleepwear Sets,b_m95natja9m,Sleepwear Sets:2024-05-23T04:04:34.066Z:124,2024-05-23,Aapparella,2024-05-23T04:04:34.066Z,124,Women Western Boots Print Pockets Collar Pajama Set | S-XL
Sleepwear Sets,b_2fzjricq0m,Sleepwear Sets:2024-05-23T04:04:34.066Z:125,2024-05-23,Blue Blush,2024-05-23T04:04:34.066Z,125,IBS96529 SATIN SLIP ON DRESS AND SHIRT SET
Sleepwear Sets,b_erg8vzmjsk,Sleepwear Sets:2024-05-23T04:04:34.066Z:126,2024-05-23,Miss Sparkling,2024-05-23T04:04:34.066Z,126,Two piece pajama set
Sleepwear Sets,b_gunybtdwvh,Sleepwear Sets:2024-05-23T04:04:34.066Z:127,2024-05-23,FurDecoration,2024-05-23T04:04:34.066Z,127,Sleeveless Lace Patchwork Babydoll Sleepwear with Spaghetti Straps and Slit
Sleepwear Sets,b_c4rnctfjk6,Sleepwear Sets:2024-05-23T04:04:34.066Z:128,2024-05-23,LIME N CHILI,2024-05-23T04:04:34.066Z,128,*2024 STYLE* CAMI AND SHORTS PAJAMA SET / MO9319
Sleepwear Sets,b_dj4erklvw0,Sleepwear Sets:2024-05-23T04:04:34.066Z:129,2024-05-23,BeWicked,2024-05-23T04:04:34.066Z,129,1963 Liliana Cami and Short Set
Sleepwear Sets,b_q5s3z4svk7,Sleepwear Sets:2024-05-23T04:04:34.066Z:130,2024-05-23,KTNN Studio Inc.,2024-05-23T04:04:34.066Z,130,Black So Cozy Lightweight Lounge Sets
Sleepwear Sets,b_2qj6k6gbd9,Sleepwear Sets:2024-05-23T04:04:34.066Z:131,2024-05-23,DrifWoo,2024-05-23T04:04:34.066Z,131,Floral Pajamas Set-Summer Fashion Sleepwear Women Comfy PJS
Sleepwear Sets,b_29kq56fz,Sleepwear Sets:2024-05-23T04:04:34.066Z:132,2024-05-23,Bella Sleep + Spa,2024-05-23T04:04:34.066Z,132,Short PJ Set - White/Blush Flowers
Sleepwear Sets,b_9qqlp5kqt7,Sleepwear Sets:2024-05-23T04:04:34.066Z:133,2024-05-23,UNISHE,2024-05-23T04:04:34.066Z,133,Printing Button Up Shirt and Dress 2PCS Pajamas Set JRM040
Sleepwear Sets,b_mmmfru3djn,Sleepwear Sets:2024-05-23T04:04:34.066Z:134,2024-05-23,FULL TIME PURCHASE,2024-05-23T04:04:34.066Z,134,Textured Long Sleeve Top and Drawstring Shorts Set
Sleepwear Sets,b_97986a72,Sleepwear Sets:2024-05-23T04:04:34.066Z:135,2024-05-23,Sevya Handmade,2024-05-23T04:04:34.066Z,135,Shanti Pajama Set
Sleepwear Sets,b_kxxbz7jx5y,Sleepwear Sets:2024-05-23T04:04:34.066Z:136,2024-05-23,Adore By Michelle Mura Sleepwear,2024-05-23T04:04:34.066Z,136,Heavenly Pyjama Satin Sleepwear Set Bridesmaid PJs Bridal
Sleepwear Sets,b_exrihlnztc,Sleepwear Sets:2024-05-23T04:04:34.066Z:137,2024-05-23,Prep Obsessed Wholesale,2024-05-23T04:04:34.066Z,137,Ultra Soft Palm Pajama Short Sets
Sleepwear Sets,b_bp9ko7sqyj,Sleepwear Sets:2024-05-23T04:04:34.066Z:138,2024-05-23,Angle,2024-05-23T04:04:34.066Z,138,Shorts Sleep Set 2pc - Blue
Sleepwear Sets,b_avg09mskc4,Sleepwear Sets:2024-05-23T04:04:34.066Z:139,2024-05-23,Felina,2024-05-23T04:04:34.066Z,139,Jessie Stretch Jersey Shorts Sleeve & Shorts PJ Set - White
Sleepwear Sets,b_m5m93gs2vp,Sleepwear Sets:2024-05-23T04:04:34.066Z:140,2024-05-23,Dixie Bella,2024-05-23T04:04:34.066Z,140,Pink Cheetah Two Piece Lounge Set
Sleepwear Sets,b_pzbv7m48pw,Sleepwear Sets:2024-05-23T04:04:34.066Z:141,2024-05-23,Little Daisy Closet,2024-05-23T04:04:34.066Z,141,White Full Pattern Shirt and Shorts Satin Pajama Set
Sleepwear Sets,b_ec3bkdsy,Sleepwear Sets:2024-05-23T04:04:34.066Z:142,2024-05-23,8 Oak Lane,2024-05-23T04:04:34.066Z,142,Vintage Rose Tie Top Sleep Set
Sleepwear Sets,b_ru6an13eof,Sleepwear Sets:2024-05-23T04:04:34.066Z:144,2024-05-23,Blue B,2024-05-23T04:04:34.066Z,144,34242SET-Cozy Multi Tiger Sequin op with Matching Shorts
Sleepwear Sets,b_q33jfvrznn,Sleepwear Sets:2024-05-23T04:04:34.066Z:145,2024-05-23,Purple Lava,2024-05-23T04:04:34.066Z,145,RIBBED ROUND NECK TOP AND SHORTS SET
Sleepwear Sets,b_9musw3ptjf,Sleepwear Sets:2024-05-23T04:04:34.066Z:146,2024-05-23,Best Underwear Line,2024-05-23T04:04:34.066Z,146,Youmita Satin Pajama Short Set-YM-32259-PJS
Sleepwear Sets,b_1f7p8ul7e0,Sleepwear Sets:2024-05-23T04:04:34.066Z:147,2024-05-23,CAPELLA APPAREL,2024-05-23T04:04:34.066Z,147,Cami Top & Shorts Lounge Set
Sleepwear Sets,b_mmmfru3djn,Sleepwear Sets:2024-05-23T04:04:34.066Z:148,2024-05-23,FULL TIME PURCHASE,2024-05-23T04:04:34.066Z,148,Champagne Print Silky Short Sleeve Pajamas Set
Sleepwear Sets,b_9qqlp5kqt7,Sleepwear Sets:2024-05-23T04:04:34.066Z:149,2024-05-23,UNISHE,2024-05-23T04:04:34.066Z,149,Stripes Short Pajamas Set YDL025
Sleepwear Sets,b_xkh87elait,Sleepwear Sets:2024-05-23T04:04:34.066Z:150,2024-05-23,Katydid,2024-05-23T04:04:34.066Z,150,Strawberry Loungewear Sets for Women
Sleepwear Sets,b_59bxqu45xh,Sleepwear Sets:2024-05-23T04:04:34.066Z:151,2024-05-23,Liam & Company,2024-05-23T04:04:34.066Z,151,Vickie Waffle Knit Top and Shorts Set
Sleepwear Sets,b_ec75fc82,Sleepwear Sets:2024-05-23T04:04:34.066Z:152,2024-05-23,Toss Designs,2024-05-23T04:04:34.066Z,152,Short-Set Sleepwear- Core Collection
Sleepwear Sets,b_hb448jz27f,Sleepwear Sets:2024-05-23T04:04:34.066Z:153,2024-05-23,ALAMAE apparel,2024-05-23T04:04:34.066Z,153,Billie Lounge Set
Sleepwear Sets,b_11782mgvt5,Sleepwear Sets:2024-05-23T04:04:34.066Z:154,2024-05-23,LA Society,2024-05-23T04:04:34.066Z,154,Floral Print Crop Tee and Shorts Lounge Set
Sleepwear Sets,b_mavtzytwmj,Sleepwear Sets:2024-05-23T04:04:34.066Z:155,2024-05-23,Umorger,2024-05-23T04:04:34.066Z,155,Black Acid Washed Short Lounge Set
Sleepwear Sets,b_f4kavkbe9g,Sleepwear Sets:2024-05-23T04:04:34.066Z:156,2024-05-23,HIDDENBRAND,2024-05-23T04:04:34.066Z,156,ladies sleepwear comfy plain  pajamas two-piece set
Sleepwear Sets,b_2qj6k6gbd9,Sleepwear Sets:2024-05-23T04:04:34.066Z:157,2024-05-23,DrifWoo,2024-05-23T04:04:34.066Z,157,Chic Dot Delight Viscose Pajama Set â€“ Luxe Comfort for Women
Sleepwear Sets,b_ec3bkdsy,Sleepwear Sets:2024-05-23T04:04:34.066Z:159,2024-05-23,8 Oak Lane,2024-05-23T04:04:34.066Z,159,Ginger Jar Stripe Satin Short PJ Set
Sleepwear Sets,b_7ee6857q9h,Sleepwear Sets:2024-05-23T04:04:34.066Z:160,2024-05-23,Jess Lea,2024-05-23T04:04:34.066Z,160,Adeline Striped Lounge Set
Sleepwear Sets,b_849n5pbfjm,Sleepwear Sets:2024-05-23T04:04:34.066Z:161,2024-05-23,42POPS,2024-05-23T04:04:34.066Z,161,", PLUS SIZE MICROFIBER TOP & SHORTS 2PC SET"
Sleepwear Sets,b_2kmvn756aq,Sleepwear Sets:2024-05-23T04:04:34.066Z:162,2024-05-23,Wild Stone Co,2024-05-23T04:04:34.066Z,162,Stone Short Set
Sleepwear Sets,b_avg09mskc4,Sleepwear Sets:2024-05-23T04:04:34.066Z:163,2024-05-23,Felina,2024-05-23T04:04:34.066Z,163,Elysees Satin Tee and Knit Jogger Set
Sleepwear Sets,b_pxuqxqexwb,Sleepwear Sets:2024-05-23T04:04:34.066Z:164,2024-05-23,Burgundy Apparel,2024-05-23T04:04:34.066Z,164,WAVE RIB TOP AND SHORTS SET
Sleepwear Sets,b_pz525d8jnq,Sleepwear Sets:2024-05-23T04:04:34.066Z:165,2024-05-23,Sassy Shortcake,2024-05-23T04:04:34.066Z,165,Sassy Shortcake Smiley Dreams Pajama Set - YELLOW
Sleepwear Sets,b_nrxkurctx2,Sleepwear Sets:2024-05-23T04:04:34.066Z:166,2024-05-23,Hanalei's Market,2024-05-23T04:04:34.066Z,166,Floral Shirt and Shorts Pajama Set
Sleepwear Sets,b_ec75fc82,Sleepwear Sets:2024-05-23T04:04:34.066Z:167,2024-05-23,Toss Designs,2024-05-23T04:04:34.066Z,167,Champagne (by A Thing Created) - Short Set
Sleepwear Sets,b_dj4erklvw0,Sleepwear Sets:2024-05-23T04:04:34.066Z:168,2024-05-23,BeWicked,2024-05-23T04:04:34.066Z,168,2145 Emery Cami and Short Set
Sleepwear Sets,b_e8myc0dti8,Sleepwear Sets:2024-05-23T04:04:34.066Z:169,2024-05-23,simply southern,2024-05-23T04:04:34.066Z,169,PP-0124-PJ-Set-GZE-Seafm
Sleepwear Sets,b_uv76zkk977,Sleepwear Sets:2024-05-23T04:04:34.066Z:170,2024-05-23,The Front Porch Label,2024-05-23T04:04:34.066Z,170,Aztec Pajama Set
Sleepwear Sets,b_ec3bkdsy,Sleepwear Sets:2024-05-23T04:04:34.066Z:171,2024-05-23,8 Oak Lane,2024-05-23T04:04:34.066Z,171,Blue Rose Tie Top Sleep Set
Sleepwear Sets,b_4l3jg0ght8,Sleepwear Sets:2024-05-23T04:04:34.066Z:172,2024-05-23,Silkberry Baby,2024-05-23T04:04:34.066Z,172,Women's Bamboo Short Sleeve Loungewear Set
Sleepwear Sets,b_5c0ij053zo,Sleepwear Sets:2024-05-23T04:04:34.066Z:173,2024-05-23,Leto Accessories,2024-05-23T04:04:34.066Z,173,Retro French Lace Trim Knickers Set
Sleepwear Sets,b_2i01zrp8r4,Sleepwear Sets:2024-05-23T04:04:34.066Z:174,2024-05-23,Izzy & Liv,2024-05-23T04:04:34.066Z,174,Girl Boss 3-Piece Pajama + Sleep Mask Set
Sleepwear Sets,b_6p9y5zs5ev,Sleepwear Sets:2024-05-23T04:04:34.066Z:175,2024-05-23,Serene Couture,2024-05-23T04:04:34.066Z,175,Kikay Sleepwear
Sleepwear Sets,b_m95natja9m,Sleepwear Sets:2024-05-23T04:04:34.066Z:176,2024-05-23,Aapparella,2024-05-23T04:04:34.066Z,176,Women Textured Top and Drawstring Shorts Set | S-XL
Sleepwear Sets,b_wxxmo36r8j,Sleepwear Sets:2024-05-23T04:04:34.066Z:177,2024-05-23,HATCH Collection,2024-05-23T04:04:34.066Z,177,The 4th Trimester Nesting Bundle
Sleepwear Sets,b_e8tr17qz,Sleepwear Sets:2024-05-23T04:04:34.066Z:178,2024-05-23,Mary Square,2024-05-23T04:04:34.066Z,178,Sunset Stripe Charlotte Short Set
Sleepwear Sets,b_59bxqu45xh,Sleepwear Sets:2024-05-23T04:04:34.066Z:179,2024-05-23,Liam & Company,2024-05-23T04:04:34.066Z,179,Gail Cropped Pajama Set | S-XL
Sleepwear Sets,b_s85tu97m4y,Sleepwear Sets:2024-05-23T04:04:34.066Z:180,2024-05-23,Tickled Teal,2024-05-23T04:04:34.066Z,180,The Nelly Pajama Set
Sleepwear Sets,b_83p9r3phzz,Sleepwear Sets:2024-05-23T04:04:34.066Z:181,2024-05-23,Needham Lane,2024-05-23T04:04:34.066Z,181,Blue Seersucker-Navy Short Sleeve Shorty Pajamas
Sleepwear Sets,b_avg09mskc4,Sleepwear Sets:2024-05-23T04:04:34.066Z:182,2024-05-23,Felina,2024-05-23T04:04:34.066Z,182,Mirielle Cotton Twill S/S Top & Shorts PJ Set - Placid Blue
Sleepwear Sets,b_f4kavkbe9g,Sleepwear Sets:2024-05-23T04:04:34.066Z:183,2024-05-23,HIDDENBRAND,2024-05-23T04:04:34.066Z,183,Suspenders shorts nightgown three-piece suit
Sleepwear Sets,b_bmmfesuylo,Sleepwear Sets:2024-05-23T04:04:34.066Z:184,2024-05-23,Phil Love,2024-05-23T04:04:34.066Z,184,Black Lightning all over sleep lounge wear set
Sleepwear Sets,b_kxxbz7jx5y,Sleepwear Sets:2024-05-23T04:04:34.066Z:185,2024-05-23,Adore By Michelle Mura Sleepwear,2024-05-23T04:04:34.066Z,185,Long Sleeve  Champagne Heavenly Pyjama Sleepwear Set
Sleepwear Sets,b_nbnht7dtcc,Sleepwear Sets:2024-05-23T04:04:34.066Z:186,2024-05-23,LABIJOU,2024-05-23T04:04:34.066Z,186,FS025SET CARGO
Sleepwear Sets,b_bxe85g1fjo,Sleepwear Sets:2024-05-23T04:04:34.066Z:187,2024-05-23,P.S Kate,2024-05-23T04:04:34.066Z,187,French terry lounge set P16404set
Sleepwear Sets,b_uhrtnxc4rm,Sleepwear Sets:2024-05-23T04:04:34.066Z:188,2024-05-23,Hands On,2024-05-23T04:04:34.066Z,188,Tru Fit Women's 2-Piece Comfort Pajama Set
Sleepwear Sets,b_xg54xemvyt,Sleepwear Sets:2024-05-23T04:04:34.066Z:189,2024-05-23,Fresh Pickle,2024-05-23T04:04:34.066Z,189,Pickleball Pajama Set
Sleepwear Sets,b_734rcuma0r,Sleepwear Sets:2024-05-23T04:04:34.066Z:190,2024-05-23,Hope Horizon LLC,2024-05-23T04:04:34.066Z,190,Green Tie Dye Long Sleeves T-shirt and Joggers Sets
Sleepwear Sets,b_2i01zrp8r4,Sleepwear Sets:2024-05-23T04:04:34.066Z:191,2024-05-23,Izzy & Liv,2024-05-23T04:04:34.066Z,191,Tribal Garden Pajama Set
Sleepwear Sets,b_t9mynp4xpd,Sleepwear Sets:2024-05-23T04:04:34.066Z:192,2024-05-23,Lovesoft,2024-05-23T04:04:34.066Z,192,Gray Printed Leopard Long Sleeve Satin Tie Shorts Two Piece Set
Sleepwear Sets,b_9qqlp5kqt7,Sleepwear Sets:2024-05-23T04:04:34.066Z:193,2024-05-23,UNISHE,2024-05-23T04:04:34.066Z,193,Plain V Neck Rib Long Sleeves Top With Pants 2pcs Set ZK560
Sleepwear Sets,b_hc72k7e5r2,Sleepwear Sets:2024-05-23T04:04:34.066Z:194,2024-05-23,Avenue Wholesale,2024-05-23T04:04:34.066Z,194,Stars at Night Loungewear Set
Sleepwear Sets,b_8dsbacu565,Sleepwear Sets:2024-05-23T04:04:34.066Z:195,2024-05-23,Sunkissed Coconut,2024-05-23T04:04:34.066Z,195,Champagne Pink Pajama Set
Sleepwear Sets,b_b7ft5t3803,Sleepwear Sets:2024-05-23T04:04:34.066Z:196,2024-05-23,ESLEY,2024-05-23T04:04:34.066Z,196,E2403MD44382 - SLAY THE DAY SLEEVELESS TOP MATCHING SETS
Sleepwear Sets,b_7eogdj3q64,Sleepwear Sets:2024-05-23T04:04:34.066Z:197,2024-05-23,Emerald Collection,2024-05-23T04:04:34.066Z,197,ETK-8314 Solid Hacci Brush Cozy Lounge Set
Sleepwear Sets,b_8y38abnnmk,Sleepwear Sets:2024-05-23T04:04:34.066Z:198,2024-05-23,Yawoo Garments,2024-05-23T04:04:34.066Z,198,Short sleeves guitar singer adult women summer pajamas
Sleepwear Sets,b_8vpa7bbq6h,Sleepwear Sets:2024-05-23T04:04:34.066Z:199,2024-05-23,VERY J,2024-05-23T04:04:34.066Z,199,NT11490SET-Textured Woven Comfy Shirt Top & Shorts Set
Sleepwear Sets,b_m8aq2q3qv8,Sleepwear Sets:2024-05-23T04:04:34.066Z:200,2024-05-23,Lily Clothing,2024-05-23T04:04:34.066Z,200,WOMEN COZY DRAWSTRING PANTS AND TANK HOMEWEAR SET_CWSTB0179
